wave,thr_arm4
900,0.387711206
950,0.549114169
1000,0.643908104
1050,0.700109415
1100,0.716734369
1150,0.699864995
1200,0.654653701
1300,0.490206101