wave,thr_arm5
1400,0.342759647
1500,0.574295292
1600,0.615127008
1700,0.506460072
1800,0.298523443