wave,thr_arm1
350,0.047328706
360,0.156836226
370,0.27076393
400,0.519682334
450,0.620970774
500,0.442665879
550,0.114681865