wave,thr_arm2
550,0.096051246
600,0.552384794
650,0.651877084
700,0.479991389
750,0.101186749