wav,resol,
0.960398,3211.86,
1.13886,3774.86,
1.16094,3851.97,
1.18762,3948.36,
1.21384,4052.43,
1.23499,4121.84,
1.26949,4233.66,
1.32101,4380.23,
