wave,thr_arm3
700,0.499315899
750,0.634901321
800,0.715701897
850,0.739593459
900,0.678468281
950,0.479205347
1000,0.223485581
1050,0.031564978