wave,thr_arm2
500,0.325625665
550,0.555467312
600,0.665323409
650,0.669788814
700,0.603820781
750,0.478445245
800,0.319673626