wave,thr_arm1
350,0.353023702
360,0.419248711
370,0.49497475
400,0.616678545
450,0.659949511
500,0.597037736
550,0.49902864
600,0.368128485