wave,thr_arm3
700,0.137202443
750,0.50139826
800,0.675171185
850,0.67509157
900,0.499966491
950,0.184399924