wav,resol,
1.45,6072.775208,1.5375,6499.677579,1.625,6809.423174,1.7125,7334.699767,1.8,7720.287907,