wav, resol,
1,4931.116922,1.075,5325.466301,1.15,5649.124935,1.225,6130.103519,1.3,6520.305665,